{"Other":{"total":90.0,"percentage":0.2175121444280639},"Food":{"total":1525.0,"percentage":3.6856224472533046},"Rent":{"total":2777.0,"percentage":6.71145805640815},"Drink":{"total":155.0,"percentage":0.3746042487372212},"Entertainment":{"total":225.0,"percentage":0.5437803610701597},"Mercedes":{"total":15155.0,"percentage":36.6266283200812},"Audi":{"total":18780.0,"percentage":45.38753413732267},"Shopping":{"total":2670.0,"percentage":6.452860284699229}}